{
    "camera1": {
        "name": "camera1",
        "x_m": -0.1644707342291731,
        "y_m": 0.01182778293935538,
        "z_m": 0.8828535330409031,
        "theta_x": 2.556762224097973,
        "theta_y": -0.8781497383132093,
        "theta_z": -2.6703577270753556
    },
    "camera2": {
        "name": "camera2",
        "x_m": -0.01631428251740495,
        "y_m": -0.09855986368933478,
        "z_m": 1.1758795299989768,
        "theta_x": 0.3613770970840693,
        "theta_y": -0.0764088569039895,
        "theta_z": -0.028844538814442565
    },
    "camera3": {
        "name": "camera3",
        "x_m": 0.18078501674657857,
        "y_m": 0.0018662499751797013,
        "z_m": 0.9092966017827966,
        "theta_x": 2.4194789967526464,
        "theta_y": 1.0082376791656606,
        "theta_z": 2.5012509875977353
    },
    "camera4": {
        "name": "camera4",
        "x_m": -0.14642354315509634,
        "y_m": -0.014886960827665607,
        "z_m": 0.8623353993706695,
        "theta_x": 3.03602322065229,
        "theta_y": -0.8186409868263631,
        "theta_z": -3.0643701237151624
    },
    "camera5": {
        "name": "camera5",
        "x_m": -0.04477174204603439,
        "y_m": -0.03872804906532057,
        "z_m": 1.1926360434031071,
        "theta_x": 0.07392454579768071,
        "theta_y": -0.22517588292931043,
        "theta_z": -0.01653426706209185
    },
    "camera6": {
        "name": "camera6",
        "x_m": 0.19119528520113063,
        "y_m": -0.02046977210398393,
        "z_m": 0.9396811204089832,
        "theta_x": 2.9004051169540594,
        "theta_y": 1.2646292844210598,
        "theta_z": 2.911219626055121
    },
    "camera7": {
        "name": "camera7",
        "x_m": -0.1253407064163365,
        "y_m": -0.0520663242276137,
        "z_m": 0.8518684707452551,
        "theta_x": 3.4162711468314764,
        "theta_y": -0.658736754040352,
        "theta_z": 2.970777721384678
    },
    "camera8": {
        "name": "camera8",
        "x_m": -0.0723010518504837,
        "y_m": 0.02135750911640022,
        "z_m": 1.186227166379032,
        "theta_x": 6.051876368986225,
        "theta_y": -0.36087390090521415,
        "theta_z": 0.0829709601274133
    },
    "camera9": {
        "name": "camera9",
        "x_m": 0.19764175826682043,
        "y_m": -0.0252065105873982,
        "z_m": 0.9741831449414499,
        "theta_x": 4.103514476950475,
        "theta_y": 1.306246935197142,
        "theta_z": -2.196382498987494
    },
    "camera10": {
        "name": "camera10",
        "x_m": -0.10165937663168091,
        "y_m": -0.09479228594951883,
        "z_m": 0.8555907778243197,
        "theta_x": 3.711607978374322,
        "theta_y": -0.461174028412315,
        "theta_z": 2.8637311091131004
    },
    "camera11": {
        "name": "camera11",
        "x_m": -0.09833139169325224,
        "y_m": 0.0726091336891771,
        "z_m": 1.1588492333115723,
        "theta_x": 5.718198539522887,
        "theta_y": -0.4449712444508513,
        "theta_z": 0.2663744249180994
    },
    "camera12": {
        "name": "camera12",
        "x_m": 0.19999076832493365,
        "y_m": -0.012484409759724313,
        "z_m": 1.0046967977232293,
        "theta_x": 4.694987124017875,
        "theta_y": 1.0663283543349347,
        "theta_z": -1.5906737926103525
    },
    "camera13": {
        "name": "camera13",
        "x_m": -0.07587047546985903,
        "y_m": -0.13678114926693952,
        "z_m": 0.8751595292400184,
        "theta_x": 3.972976242745271,
        "theta_y": -0.2695553283188577,
        "theta_z": 2.8574964612707077
    },
    "camera14": {
        "name": "camera14",
        "x_m": -0.12232315493368272,
        "y_m": 0.10769825068582317,
        "z_m": 1.1161408006589473,
        "theta_x": 5.374712539788585,
        "theta_y": -0.44377306733583527,
        "theta_z": 0.5032773705214464
    },
    "camera15": {
        "name": "camera15",
        "x_m": 0.19819363040354177,
        "y_m": 0.014109131328882363,
        "z_m": 1.023890799317439,
        "theta_x": 4.8438059117657355,
        "theta_y": 0.769328488782071,
        "theta_z": -1.3830279675707133
    },
    "camera16": {
        "name": "camera16",
        "x_m": -0.04850865061156751,
        "y_m": -0.1715830126182344,
        "z_m": 0.9094083629161658,
        "theta_x": 4.234896502977722,
        "theta_y": -0.11439069175543802,
        "theta_z": 2.9244760372455767
    },
    "camera17": {
        "name": "camera17",
        "x_m": -0.1437789516096418,
        "y_m": 0.12228385168453082,
        "z_m": 1.0661432901593035,
        "theta_x": 5.0674233098587145,
        "theta_y": -0.3451239540049739,
        "theta_z": 0.7396921990101075
    },
    "camera18": {
        "name": "camera18",
        "x_m": 0.19228760222120922,
        "y_m": 0.04814966901387607,
        "z_m": 1.026603562688896,
        "theta_x": 4.858034197360865,
        "theta_y": 0.4695160385853269,
        "theta_z": -1.2572921874923328
    },
    "camera19": {
        "name": "camera19",
        "x_m": -0.020141159114729537,
        "y_m": -0.19380739373694977,
        "z_m": 0.9545535129074376,
        "theta_x": 4.51163369381803,
        "theta_y": -0.020181577273872042,
        "theta_z": 3.0427484927672683
    },
    "camera20": {
        "name": "camera20",
        "x_m": -0.1622539666490051,
        "y_m": 0.11570238382510145,
        "z_m": 1.0178595089388613,
        "theta_x": 4.831410453001917,
        "theta_y": -0.16329312832694726,
        "theta_z": 0.9365699340871961
    },
    "camera21": {
        "name": "camera21",
        "x_m": 0.18239512576373462,
        "y_m": 0.08152446780682404,
        "z_m": 1.0108688832052959,
        "theta_x": 4.796102809019715,
        "theta_y": 0.18378147082300308,
        "theta_z": -1.140355557021354
    },
    "camera22": {
        "name": "camera22",
        "x_m": 0.008643892786860412,
        "y_m": -0.20013721354876154,
        "z_m": 1.004905052839145,
        "theta_x": 4.798774491723785,
        "theta_y": -0.0037323581449818775,
        "theta_z": -3.0985210788565456
    },
    "camera23": {
        "name": "camera23",
        "x_m": -0.17736518164088116,
        "y_m": 0.09100490105957448,
        "z_m": 0.9796682753658517,
        "theta_x": 4.6723543597338715,
        "theta_y": 0.07665977505716257,
        "theta_z": 1.0888949524180846
    },
    "camera24": {
        "name": "camera24",
        "x_m": 0.16872128885402077,
        "y_m": 0.10592063025969195,
        "z_m": 0.9783753502966577,
        "theta_x": 4.6658776571461615,
        "theta_y": -0.07291689456086485,
        "theta_z": -1.002267757864836
    },
    "camera25": {
        "name": "camera25",
        "x_m": 0.037249742123684614,
        "y_m": -0.18993564489951126,
        "z_m": 1.053943103095432,
        "theta_x": 5.081100997238977,
        "theta_y": -0.06821612307161891,
        "theta_z": -2.9669752942791137
    },
    "camera26": {
        "name": "camera26",
        "x_m": -0.18879931545719003,
        "y_m": 0.054345006342654045,
        "z_m": 0.957876518890428,
        "theta_x": 4.583350775861652,
        "theta_y": 0.35275410171493304,
        "theta_z": 1.2115108433218846
    },
    "camera27": {
        "name": "camera27",
        "x_m": 0.15154957333350533,
        "y_m": 0.11438734359993774,
        "z_m": 0.9342640787783622,
        "theta_x": 4.461186827236829,
        "theta_y": -0.28100390581734047,
        "theta_z": -0.8241421083527212
    },
    "camera28": {
        "name": "camera28",
        "x_m": 0.06508334109947089,
        "y_m": -0.16532866523607448,
        "z_m": 1.0955474781354815,
        "theta_x": 5.348342588475745,
        "theta_y": -0.20162772084791636,
        "theta_z": -2.8767063317570263
    },
    "camera29": {
        "name": "camera29",
        "x_m": -0.1963193191020356,
        "y_m": 0.013836827057053469,
        "z_m": 0.9556604622396094,
        "theta_x": 4.564378687838355,
        "theta_y": 0.648615228822748,