{
    "cam_1": {
        "name": "camera_1",
        "x_m": -0.16447073,
        "y_m": 0.01182778,
        "z_m": 0.88285353,
        "theta_x": 2.55676222,
        "theta_y": -0.87814974,
        "theta_z": -2.67035773
    },
    "cam_2": {
        "name": "camera_2",
        "x_m": -0.14642354,
        "y_m": -0.01488696,
        "z_m": 0.8623354,
        "theta_x": 3.03602322,
        "theta_y": -0.81864099,
        "theta_z": -3.06437012
    },
    "cam_3": {
        "name": "camera_3",
        "x_m": -0.12534071,
        "y_m": -0.05206632,
        "z_m": 0.85186847,
        "theta_x": 3.41627115,
        "theta_y": -0.65873675,
        "theta_z": 2.97077772
    },
    "cam_4": {
        "name": "camera_4",
        "x_m": -0.10165938,
        "y_m": -0.09479229,
        "z_m": 0.85559078,
        "theta_x": 3.71160798,
        "theta_y": -0.46117403,
        "theta_z": 2.86373111
    },
    "cam_5": {
        "name": "camera_5",
        "x_m": -0.07587048,
        "y_m": -0.13678115,
        "z_m": 0.87515953,
        "theta_x": 3.97297624,
        "theta_y": -0.26955533,
        "theta_z": 2.85749646
    },
    "cam_6": {
        "name": "camera_6",
        "x_m": -0.04850865,
        "y_m": -0.17158301,
        "z_m": 0.90940836,
        "theta_x": 4.2348965,
        "theta_y": -0.11439069,
        "theta_z": 2.92447604
    },
    "cam_7": {
        "name": "camera_7",
        "x_m": -0.02014116,
        "y_m": -0.19380739,
        "z_m": 0.95455351,
        "theta_x": 4.51163369,
        "theta_y": -0.02018158,
        "theta_z": 3.04274849
    },
    "cam_8": {
        "name": "camera_8",
        "x_m": 0.00864389,
        "y_m": -0.20013721,
        "z_m": 1.00490505,
        "theta_x": 4.79877449,
        "theta_y": -0.00373236,
        "theta_z": -3.09852108
    },
    "cam_9": {
        "name": "camera_9",
        "x_m": 0.03724974,
        "y_m": -0.18993564,
        "z_m": 1.0539431,
        "theta_x": 5.081101,
        "theta_y": -0.06821612,
        "theta_z": -2.96697529
    },
    "cam_10": {
        "name": "camera_10",
        "x_m": 0.06508334,
        "y_m": -0.16532867,
        "z_m": 1.09554748,
        "theta_x": 5.34834259,
        "theta_y": -0.20162772,
        "theta_z": -2.87670633
    }
}
